{
  "timestamp": "20260108_024824",
  "bit_length": 8,
  "expected_d": 103,
  "n": 139,
  "shots": 10000,
  "optimization_level": 3,
  "success_count": 14,
  "success_rate": 0.14,
  "valid_measurements": 4228,
  "unique_pairs": 10,
  "top_pairs": [
    [
      146,
      89,
      3
    ],
    [
      79,
      91,
      2
    ],
    [
      12,
      93,
      2
    ],
    [
      91,
      184,
      1
    ],
    [
      143,
      31,
      1
    ],
    [
      130,
      104,
      1
    ],
    [
      255,
      204,
      1
    ],
    [
      95,
      76,
      1
    ],
    [
      209,
      195,
      1
    ],
    [
      229,
      72,
      1
    ]
  ],
  "circuit_depth": 85362,
  "circuit_gates": 104635,
  "simulation_time": 451.2024230957031,
  "transpilation_time": 15.39297103881836
}